[{"model": "auth.permission", "pk": 1, "fields": {"name": "Can add log entry", "content_type": 1, "codename": "add_logentry"}}, {"model": "auth.permission", "pk": 2, "fields": {"name": "Can change log entry", "content_type": 1, "codename": "change_logentry"}}, {"model": "auth.permission", "pk": 3, "fields": {"name": "Can delete log entry", "content_type": 1, "codename": "delete_logentry"}}, {"model": "auth.permission", "pk": 4, "fields": {"name": "Can view log entry", "content_type": 1, "codename": "view_logentry"}}, {"model": "auth.permission", "pk": 5, "fields": {"name": "Can add permission", "content_type": 2, "codename": "add_permission"}}, {"model": "auth.permission", "pk": 6, "fields": {"name": "Can change permission", "content_type": 2, "codename": "change_permission"}}, {"model": "auth.permission", "pk": 7, "fields": {"name": "Can delete permission", "content_type": 2, "codename": "delete_permission"}}, {"model": "auth.permission", "pk": 8, "fields": {"name": "Can view permission", "content_type": 2, "codename": "view_permission"}}, {"model": "auth.permission", "pk": 9, "fields": {"name": "Can add group", "content_type": 3, "codename": "add_group"}}, {"model": "auth.permission", "pk": 10, "fields": {"name": "Can change group", "content_type": 3, "codename": "change_group"}}, {"model": "auth.permission", "pk": 11, "fields": {"name": "Can delete group", "content_type": 3, "codename": "delete_group"}}, {"model": "auth.permission", "pk": 12, "fields": {"name": "Can view group", "content_type": 3, "codename": "view_group"}}, {"model": "auth.permission", "pk": 13, "fields": {"name": "Can add user", "content_type": 4, "codename": "add_user"}}, {"model": "auth.permission", "pk": 14, "fields": {"name": "Can change user", "content_type": 4, "codename": "change_user"}}, {"model": "auth.permission", "pk": 15, "fields": {"name": "Can delete user", "content_type": 4, "codename": "delete_user"}}, {"model": "auth.permission", "pk": 16, "fields": {"name": "Can view user", "content_type": 4, "codename": "view_user"}}, {"model": "auth.permission", "pk": 17, "fields": {"name": "Can add content type", "content_type": 5, "codename": "add_contenttype"}}, {"model": "auth.permission", "pk": 18, "fields": {"name": "Can change content type", "content_type": 5, "codename": "change_contenttype"}}, {"model": "auth.permission", "pk": 19, "fields": {"name": "Can delete content type", "content_type": 5, "codename": "delete_contenttype"}}, {"model": "auth.permission", "pk": 20, "fields": {"name": "Can view content type", "content_type": 5, "codename": "view_contenttype"}}, {"model": "auth.permission", "pk": 21, "fields": {"name": "Can add session", "content_type": 6, "codename": "add_session"}}, {"model": "auth.permission", "pk": 22, "fields": {"name": "Can change session", "content_type": 6, "codename": "change_session"}}, {"model": "auth.permission", "pk": 23, "fields": {"name": "Can delete session", "content_type": 6, "codename": "delete_session"}}, {"model": "auth.permission", "pk": 24, "fields": {"name": "Can view session", "content_type": 6, "codename": "view_session"}}, {"model": "auth.permission", "pk": 25, "fields": {"name": "Can add comment", "content_type": 7, "codename": "add_comment"}}, {"model": "auth.permission", "pk": 26, "fields": {"name": "Can change comment", "content_type": 7, "codename": "change_comment"}}, {"model": "auth.permission", "pk": 27, "fields": {"name": "Can delete comment", "content_type": 7, "codename": "delete_comment"}}, {"model": "auth.permission", "pk": 28, "fields": {"name": "Can view comment", "content_type": 7, "codename": "view_comment"}}, {"model": "auth.permission", "pk": 29, "fields": {"name": "Can add user", "content_type": 8, "codename": "add_user"}}, {"model": "auth.permission", "pk": 30, "fields": {"name": "Can change user", "content_type": 8, "codename": "change_user"}}, {"model": "auth.permission", "pk": 31, "fields": {"name": "Can delete user", "content_type": 8, "codename": "delete_user"}}, {"model": "auth.permission", "pk": 32, "fields": {"name": "Can view user", "content_type": 8, "codename": "view_user"}}, {"model": "auth.permission", "pk": 33, "fields": {"name": "Can add work", "content_type": 9, "codename": "add_work"}}, {"model": "auth.permission", "pk": 34, "fields": {"name": "Can change work", "content_type": 9, "codename": "change_work"}}, {"model": "auth.permission", "pk": 35, "fields": {"name": "Can delete work", "content_type": 9, "codename": "delete_work"}}, {"model": "auth.permission", "pk": 36, "fields": {"name": "Can view work", "content_type": 9, "codename": "view_work"}}, {"model": "auth.permission", "pk": 37, "fields": {"name": "Can add detail", "content_type": 10, "codename": "add_detail"}}, {"model": "auth.permission", "pk": 38, "fields": {"name": "Can change detail", "content_type": 10, "codename": "change_detail"}}, {"model": "auth.permission", "pk": 39, "fields": {"name": "Can delete detail", "content_type": 10, "codename": "delete_detail"}}, {"model": "auth.permission", "pk": 40, "fields": {"name": "Can view detail", "content_type": 10, "codename": "view_detail"}}, {"model": "auth.permission", "pk": 41, "fields": {"name": "Can add action", "content_type": 11, "codename": "add_action"}}, {"model": "auth.permission", "pk": 42, "fields": {"name": "Can change action", "content_type": 11, "codename": "change_action"}}, {"model": "auth.permission", "pk": 43, "fields": {"name": "Can delete action", "content_type": 11, "codename": "delete_action"}}, {"model": "auth.permission", "pk": 44, "fields": {"name": "Can view action", "content_type": 11, "codename": "view_action"}}, {"model": "auth.user", "pk": 21, "fields": {"password": "pbkdf2_sha256$216000$IAZs8hFVMM42$V6gJa9A3HM+mUuO3X+tPWsh7qXtQPWzW3/l/4FxCJCA=", "last_login": null, "is_superuser": false, "username": "ewfveqwfwqecqw", "first_name": "qrewvqerv", "last_name": "ascqwec", "email": "req@efvqef", "is_staff": false, "is_active": true, "date_joined": "2020-11-22T17:43:45.589Z", "groups": [], "user_permissions": []}}, {"model": "auth.user", "pk": 22, "fields": {"password": "pbkdf2_sha256$216000$bP9uvprhIdJk$sCNjjhj4wFPYU0wuv/GZlbQkXTIDp4XeiKOEtRmYjAk=", "last_login": null, "is_superuser": false, "username": "auth", "first_name": "auth", "last_name": "wfqauth", "email": "auth@enzyme", "is_staff": true, "is_active": true, "date_joined": "2020-11-27T18:32:01.657Z", "groups": [], "user_permissions": []}}, {"model": "auth.user", "pk": 23, "fields": {"password": "pbkdf2_sha256$216000$GBhoOvv5Tpgv$b4dPB+sfgPJ1jVVzuzuY5k5EBrhcAtglssSQspyRRe4=", "last_login": null, "is_superuser": false, "username": "GerogeD", "first_name": "Geroge", "last_name": "D", "email": "geroge@g", "is_staff": false, "is_active": true, "date_joined": "2020-11-27T18:41:23.934Z", "groups": [], "user_permissions": []}}, {"model": "auth.user", "pk": 24, "fields": {"password": "pbkdf2_sha256$216000$2SIIJXk5zjP8$YSxK6lvW3bX9hY8q8bSJs8v1M8o4/srwGpRIaUg2bmQ=", "last_login": null, "is_superuser": false, "username": "FoxW", "first_name": "FOX", "last_name": "W", "email": "FOX2@w", "is_staff": false, "is_active": true, "date_joined": "2020-11-27T18:41:48.846Z", "groups": [], "user_permissions": []}}, {"model": "auth.user", "pk": 25, "fields": {"password": "pbkdf2_sha256$216000$YiCbUZ948YL1$x+5EgLf+meAracWIFsl0x0pjOd9sAI0sNJeFL4moaiI=", "last_login": null, "is_superuser": false, "username": "VivW", "first_name": "VI", "last_name": "W", "email": "vi@w", "is_staff": false, "is_active": true, "date_joined": "2020-11-27T18:42:14.319Z", "groups": [], "user_permissions": []}}, {"model": "auth.user", "pk": 26, "fields": {"password": "pbkdf2_sha256$216000$gEScilBw5iMF$CllwvN87rix09+Pr3hY6v5ouowK3rDv7E9RuOChpcO4=", "last_login": null, "is_superuser": false, "username": "user1", "first_name": "\"user1\"", "last_name": "\"user1\"", "email": "use1@enzyme", "is_staff": false, "is_active": true, "date_joined": "2020-11-27T18:42:36.465Z", "groups": [], "user_permissions": []}}, {"model": "auth.user", "pk": 27, "fields": {"password": "pbkdf2_sha256$216000$9pbGFuHPGZkj$ewsykILODmH1caS8ymqgs53LQHWPn8Klhf8hTOc6HiI=", "last_login": null, "is_superuser": false, "username": "admin", "first_name": "test1", "last_name": "test1", "email": "jo@da", "is_staff": false, "is_active": true, "date_joined": "2020-11-30T16:31:39.786Z", "groups": [], "user_permissions": []}}, {"model": "auth.user", "pk": 28, "fields": {"password": "pbkdf2_sha256$216000$2n2RUKxY7Ymq$kstIyMmKVT5kLnArc6w1hm0Lk2Lslf3zHTbqZ2iSgps=", "last_login": null, "is_superuser": false, "username": "ade", "first_name": "test32", "last_name": "teset1", "email": "jo@dwa", "is_staff": false, "is_active": true, "date_joined": "2020-11-30T16:36:07.963Z", "groups": [], "user_permissions": []}}, {"model": "contenttypes.contenttype", "pk": 1, "fields": {"app_label": "admin", "model": "logentry"}}, {"model": "contenttypes.contenttype", "pk": 2, "fields": {"app_label": "auth", "model": "permission"}}, {"model": "contenttypes.contenttype", "pk": 3, "fields": {"app_label": "auth", "model": "group"}}, {"model": "contenttypes.contenttype", "pk": 4, "fields": {"app_label": "auth", "model": "user"}}, {"model": "contenttypes.contenttype", "pk": 5, "fields": {"app_label": "contenttypes", "model": "contenttype"}}, {"model": "contenttypes.contenttype", "pk": 6, "fields": {"app_label": "sessions", "model": "session"}}, {"model": "contenttypes.contenttype", "pk": 7, "fields": {"app_label": "enzyme", "model": "comment"}}, {"model": "contenttypes.contenttype", "pk": 8, "fields": {"app_label": "enzyme", "model": "user"}}, {"model": "contenttypes.contenttype", "pk": 9, "fields": {"app_label": "enzyme", "model": "work"}}, {"model": "contenttypes.contenttype", "pk": 10, "fields": {"app_label": "users", "model": "detail"}}, {"model": "contenttypes.contenttype", "pk": 11, "fields": {"app_label": "actions", "model": "action"}}, {"model": "sessions.session", "pk": "1g154zzp2ep1a3wlqp775fngxtx7jjab", "fields": {"session_data": "eyJ1c2VybmFtZSI6bnVsbCwicm9sZSI6bnVsbCwiaXNfbG9naW4iOmZhbHNlfQ:1kjlyO:vRg5c6xM8Ok6yAwgdpsOrbYQIFsEJb40rZqajt3TXI8", "expire_date": "2020-12-14T16:24:20.232Z"}}, {"model": "sessions.session", "pk": "4w7042yrkryk0vrvqir1vmfdagq8tsls", "fields": {"session_data": "eyJ1c2VybmFtZSI6ImF1dGgiLCJyb2xlIjoiYWRtaW4iLCJpc19sb2dpbiI6dHJ1ZX0:1kmlhm:gAmt6oY4BGWYq_VIvF751ia7ZJ9BtjLBdn6ma--_CHM", "expire_date": "2020-12-22T22:43:34.804Z"}}, {"model": "sessions.session", "pk": "e7o1i2axzig7m8ur5fqzouavk07zfcu0", "fields": {"session_data": "eyJ1c2VybmFtZSI6bnVsbCwicm9sZSI6bnVsbCwiaXNfbG9naW4iOmZhbHNlfQ:1kmlMk:sFp7JlTeyaP-CU9I_UI6b7TYGRlAXwZVB86Zkxunrek", "expire_date": "2020-12-22T22:21:50.318Z"}}, {"model": "sessions.session", "pk": "hgtdv90c19qpywuqsaqu4clkr6f1mfjr", "fields": {"session_data": "eyJpc19sb2dpbiI6dHJ1ZSwidXNlcm5hbWUiOiJhdXRoIiwicm9sZSI6ImFkbWluIn0:1kj58X:xdL46aduiQJPQd12fLVCZSv9xclSKOcS6ajnujUdJX0", "expire_date": "2020-12-12T18:39:57.412Z"}}, {"model": "sessions.session", "pk": "n43t8njk8x0mvo69rrecwcnzmraqkyfh", "fields": {"session_data": "eyJpc19sb2dpbiI6dHJ1ZSwidXNlcm5hbWUiOiJhZG1pbiJ9:1kYEfJ:GKx39W3PoVOF_m96U0LOzlcuauokt4bRn5GLGu7xghA", "expire_date": "2020-11-12T20:36:57.008Z"}}, {"model": "sessions.session", "pk": "p34e3yfttoy7hdqaqwrc367ptfs99mhn", "fields": {"session_data": "eyJ1c2VybmFtZSI6ImF1dGgiLCJyb2xlIjoiYWRtaW4iLCJpc19sb2dpbiI6dHJ1ZX0:1kjlpC:_eydznjLnH3tNUDn5BIsE0VskQiNKudYPMGyD7WIwXs", "expire_date": "2020-12-14T16:14:50.100Z"}}, {"model": "sessions.session", "pk": "pthdjrmbdpj80viepo49h9h3qrx7ieve", "fields": {"session_data": "eyJpc19sb2dpbiI6ZmFsc2UsInVzZXJuYW1lIjpudWxsLCJyb2xlIjpudWxsfQ:1kjmAL:141PABES38Xos-pypSTq0Neqc5G793AWurxFBox7HgE", "expire_date": "2020-12-14T16:36:41.843Z"}}, {"model": "sessions.session", "pk": "xgfkh5tlnbs13mxfw6uvgp5aolpqkr4t", "fields": {"session_data": "eyJ1c2VybmFtZSI6ImF1dGgiLCJyb2xlIjoiYWRtaW4iLCJpc19sb2dpbiI6dHJ1ZX0:1kml9u:ApMsS_RGEOz5U9n9mWKNQzrvDiDz5788YzE8ABZ3Q_M", "expire_date": "2020-12-22T22:08:34.829Z"}}, {"model": "enzyme.user", "pk": 0, "fields": {"name": "admin", "password": "vtedu"}}, {"model": "enzyme.user", "pk": 1, "fields": {"name": "GerogeD", "password": "vtedu"}}, {"model": "enzyme.user", "pk": 2, "fields": {"name": "FoxW", "password": "vtedu"}}, {"model": "enzyme.user", "pk": 3, "fields": {"name": "VivW", "password": "vtedu"}}, {"model": "enzyme.user", "pk": 4, "fields": {"name": "user1", "password": "vtedu"}}, {"model": "enzyme.comment", "pk": 1, "fields": {"work": "Man See Sun", "username": "VivW", "date_posted": "2020-12-08", "comment": "\"love it!!!!", "Age": 23, "name": "jo"}}, {"model": "enzyme.comment", "pk": 2, "fields": {"work": "Man See Sun", "username": "user1", "date_posted": "2020-12-08", "comment": "test again", "Age": 23, "name": "we \\"}}, {"model": "enzyme.comment", "pk": 3, "fields": {"work": "The White bear", "username": "VivW", "date_posted": "2020-08-22", "comment": "Amazing! Definitely helpsus to have fun.", "Age": 35, "name": "Amy"}}, {"model": "enzyme.comment", "pk": 4, "fields": {"work": "Orange whale art", "username": "FoxW", "date_posted": "2020-08-23", "comment": "A fan of this author from her very first design, this one is no exception.", "Age": 43, "name": "Loe"}}, {"model": "enzyme.comment", "pk": 5, "fields": {"work": "Orange whale art", "username": "GerogeD", "date_posted": "2020-08-24", "comment": "love it!!!!!", "Age": 25, "name": "John\n"}}, {"model": "enzyme.comment", "pk": 6, "fields": {"work": "Man with Sun", "username": "GerogeD", "date_posted": "2020-08-27", "comment": "Currently going for my master’s in art therapy and this gave me so many great ideas for directives.", "Age": 25, "name": "John"}}, {"model": "enzyme.comment", "pk": 7, "fields": {"work": "Man with Sun", "username": "VivW", "date_posted": "2020-07-30", "comment": "I think it is a good idea", "Age": 35, "name": "John\n"}}, {"model": "enzyme.comment", "pk": 9, "fields": {"work": "Man shocked Sun", "username": "VivW", "date_posted": "2020-08-27", "comment": "love it!!!!!", "Age": 25, "name": "Susan"}}, {"model": "enzyme.comment", "pk": 10, "fields": {"work": "Man See Sun", "username": "user1", "date_posted": "2020-12-08", "comment": "this is for test", "Age": 23, "name": "wt"}}, {"model": "enzyme.comment", "pk": 11, "fields": {"work": "Man See Sun", "username": "user1", "date_posted": "2020-12-08", "comment": "this is test agagin", "Age": 23, "name": "23"}}, {"model": "enzyme.comment", "pk": 12, "fields": {"work": "Man See Sun", "username": "user1", "date_posted": "2020-12-08", "comment": "test again", "Age": 223, "name": "23 "}}, {"model": "enzyme.comment", "pk": 13, "fields": {"work": "Man See Sun", "username": "user1", "date_posted": "2020-12-08", "comment": "test again", "Age": 21, "name": "more"}}, {"model": "enzyme.comment", "pk": 14, "fields": {"work": "Man See Sun", "username": "auth", "date_posted": "2020-12-08", "comment": "test tft", "Age": 23, "name": "john"}}, {"model": "enzyme.work", "pk": 0, "fields": {"title": "Orange whale art", "url": "enzyme:enzyme_offic_listdetail", "imgposition": "img/wp1.png", "author": "QWR. S", "createdate": "2009-11-02", "description": "LIKE SEA ORAGE BIG", "country": "Japan"}}, {"model": "enzyme.work", "pk": 1, "fields": {"title": "Your Deer in Xmas", "url": "enzyme:enzyme_offic_listdetail", "imgposition": "img/wp2.png", "author": "DFE. FWQ", "createdate": "2013-08-12", "description": "DEER MY FRIEND", "country": "Japan"}}, {"model": "enzyme.work", "pk": 2, "fields": {"title": "The White bear", "url": "enzyme:enzyme_offic_listdetail", "imgposition": "img/wp3.png", "author": "PER. WQ", "createdate": "2000-01-23", "description": "BLACK BEAR AND SONW", "country": "Japan"}}, {"model": "enzyme.work", "pk": 3, "fields": {"title": "Man with Sun", "url": "enzyme:enzyme_offic_listdetail", "imgposition": "img/wp4.png", "author": "Waw, DWF", "createdate": "2011-02-04", "description": "CAN Man WITH Sun LIKE A VISTOR\n", "country": "French"}}, {"model": "enzyme.work", "pk": 4, "fields": {"title": "Man shocked Sun", "url": "enzyme:enzyme_offic_listdetail", "imgposition": "img/wp5.png", "author": "WE. Sa", "createdate": "2012-05-22", "description": "CAN Man SHOCKE Sun LIKE A VISTOR\n", "country": "French"}}, {"model": "enzyme.work", "pk": 5, "fields": {"title": "Man Said Sun", "url": "enzyme:enzyme_offic_listdetail", "imgposition": "img/wp6.png", "author": "Loke c ve.", "createdate": "2015-10-01", "description": "CAN Man Said Sun LIKE A VISTOR\n", "country": "French"}}, {"model": "enzyme.work", "pk": 6, "fields": {"title": "Hedgehog", "url": "enzyme:enzyme_offic_listdetail", "imgposition": "img/wp7.png", "author": "Loke c ve.", "createdate": "2015-10-01", "description": "\"Hedgehog\" A DAY", "country": "Greek"}}, {"model": "enzyme.work", "pk": 7, "fields": {"title": "Man See Sun", "url": "enzyme:enzyme_offic_listdetail", "imgposition": "img/wp8.png", "author": "Dce. FD", "createdate": "2005-01-31", "description": "CAN Man SEE Sun LIKE A VISTOR\n", "country": "Greek"}}, {"model": "users.detail", "pk": 1, "fields": {"user": 21, "role": "regular"}}, {"model": "users.detail", "pk": 2, "fields": {"user": 22, "role": "admin"}}, {"model": "users.detail", "pk": 3, "fields": {"user": 23, "role": "regular"}}, {"model": "users.detail", "pk": 4, "fields": {"user": 24, "role": "regular"}}, {"model": "users.detail", "pk": 5, "fields": {"user": 25, "role": "regular"}}, {"model": "users.detail", "pk": 6, "fields": {"user": 26, "role": "regular"}}, {"model": "users.detail", "pk": 7, "fields": {"user": 27, "role": "admin"}}, {"model": "users.detail", "pk": 8, "fields": {"user": 28, "role": "regular"}}, {"model": "actions.action", "pk": 3, "fields": {"user": 22, "verb": "created the new comment", "target_ct": 7, "target_id": 11, "created": "2020-11-28T19:25:43.083Z"}}, {"model": "actions.action", "pk": 4, "fields": {"user": 22, "verb": "Edit the comment's comment", "target_ct": 7, "target_id": 1, "created": "2020-11-28T19:43:06.636Z"}}, {"model": "actions.action", "pk": 5, "fields": {"user": 22, "verb": "Edit the commenter", "target_ct": 7, "target_id": 1, "created": "2020-11-28T19:43:06.641Z"}}, {"model": "actions.action", "pk": 6, "fields": {"user": 22, "verb": "Edit the commenter AGE", "target_ct": 7, "target_id": 1, "created": "2020-11-28T19:43:06.643Z"}}, {"model": "actions.action", "pk": 7, "fields": {"user": 22, "verb": "delete one of the comment", "target_ct": null, "target_id": null, "created": "2020-11-28T19:47:46.746Z"}}, {"model": "actions.action", "pk": 8, "fields": {"user": 28, "verb": "created the new comment", "target_ct": 7, "target_id": 10, "created": "2020-11-30T16:36:29.202Z"}}, {"model": "actions.action", "pk": 9, "fields": {"user": 22, "verb": "created the new comment", "target_ct": 7, "target_id": 10, "created": "2020-12-08T20:28:23.599Z"}}, {"model": "actions.action", "pk": 10, "fields": {"user": 22, "verb": "created the new comment", "target_ct": 7, "target_id": 10, "created": "2020-12-08T20:28:33.967Z"}}, {"model": "actions.action", "pk": 11, "fields": {"user": 22, "verb": "created the new comment", "target_ct": 7, "target_id": 10, "created": "2020-12-08T20:32:09.964Z"}}, {"model": "actions.action", "pk": 12, "fields": {"user": 22, "verb": "created the new comment", "target_ct": 7, "target_id": 10, "created": "2020-12-08T20:34:51.897Z"}}, {"model": "actions.action", "pk": 13, "fields": {"user": 22, "verb": "created the new comment", "target_ct": 7, "target_id": 10, "created": "2020-12-08T20:35:28.311Z"}}, {"model": "actions.action", "pk": 14, "fields": {"user": 26, "verb": "created the new comment", "target_ct": 7, "target_id": 10, "created": "2020-12-08T20:36:09.947Z"}}, {"model": "actions.action", "pk": 15, "fields": {"user": 26, "verb": "created the new comment", "target_ct": 7, "target_id": 10, "created": "2020-12-08T20:37:02.197Z"}}, {"model": "actions.action", "pk": 16, "fields": {"user": 26, "verb": "created the new comment", "target_ct": 7, "target_id": 10, "created": "2020-12-08T20:37:18.087Z"}}, {"model": "actions.action", "pk": 17, "fields": {"user": 26, "verb": "created the new comment", "target_ct": 7, "target_id": 10, "created": "2020-12-08T20:42:41.555Z"}}, {"model": "actions.action", "pk": 18, "fields": {"user": 26, "verb": "created the new comment", "target_ct": 7, "target_id": 11, "created": "2020-12-08T20:45:04.831Z"}}, {"model": "actions.action", "pk": 19, "fields": {"user": 26, "verb": "created the new comment", "target_ct": 7, "target_id": 2, "created": "2020-12-08T20:46:04.968Z"}}, {"model": "actions.action", "pk": 20, "fields": {"user": 26, "verb": "created the new comment", "target_ct": 7, "target_id": 12, "created": "2020-12-08T20:47:17.384Z"}}, {"model": "actions.action", "pk": 21, "fields": {"user": 26, "verb": "created the new comment", "target_ct": 7, "target_id": 13, "created": "2020-12-08T20:47:31.484Z"}}, {"model": "actions.action", "pk": 22, "fields": {"user": 22, "verb": "created the new comment", "target_ct": 7, "target_id": 14, "created": "2020-12-08T22:43:44.888Z"}}]